{
    "root_group": {
        "name": "",
        "path": "",
        "id": "d41d8cd98f00b204e9800998ecf8427e",
        "groups": {},
        "checks": {
                "is status 200": {
                    "fails": 7509,
                    "name": "is status 200",
                    "path": "::is status 200",
                    "id": "548d37ca5f33793206f7832e7cea54fb",
                    "passes": 0
                },
                "response time < 500ms": {
                    "id": "3e02485a995423a591645f4eee6c60eb",
                    "passes": 7509,
                    "fails": 0,
                    "name": "response time < 500ms",
                    "path": "::response time < 500ms"
                }
            }
    },
    "metrics": {
        "vus": {
            "value": 11,
            "min": 1,
            "max": 100
        },
        "http_req_tls_handshaking": {
            "med": 0,
            "max": 0,
            "p(90)": 0,
            "p(95)": 0,
            "avg": 0,
            "min": 0
        },
        "data_received": {
            "count": 2372844,
            "rate": 13115.723018331853
        },
        "data_sent": {
            "count": 660792,
            "rate": 3652.479827889883
        },
        "http_req_connecting": {
            "med": 0,
            "max": 1.6833,
            "p(90)": 0,
            "p(95)": 0,
            "avg": 0.012471767212678118,
            "min": 0
        },
        "http_req_waiting": {
            "p(90)": 3.06942,
            "p(95)": 3.76036,
            "avg": 2.6332674257557573,
            "min": 0.507,
            "med": 2.0515,
            "max": 140.7007
        },
        "http_req_receiving": {
            "p(90)": 0.5399200000000001,
            "p(95)": 0.56916,
            "avg": 0.09060933546410978,
            "min": 0,
            "med": 0,
            "max": 65.6741
        },
        "http_req_blocked": {
            "avg": 0.014964083100279663,
            "min": 0,
            "med": 0,
            "max": 5.0471,
            "p(90)": 0,
            "p(95)": 0
        },
        "vus_max": {
            "min": 100,
            "max": 100,
            "value": 100
        },
        "iterations": {
            "count": 7509,
            "rate": 41.505452589657764
        },
        "http_req_sending": {
            "med": 0,
            "max": 2.1973,
            "p(90)": 0,
            "p(95)": 0,
            "avg": 0.004488999866826474,
            "min": 0
        },
        "checks": {
            "passes": 7509,
            "fails": 7509,
            "value": 0.5
        },
        "iteration_duration": {
            "p(90)": 1004.03024,
            "p(95)": 1005.11622,
            "avg": 1003.4021966706615,
            "min": 1000.6049,
            "med": 1002.5998,
            "max": 1187.4137
        },
        "http_req_duration": {
            "p(95)": 4.0128,
            "avg": 2.7283657610866947,
            "min": 0.5073,
            "med": 2.164,
            "max": 140.7007,
            "p(90)": 3.2487,
            "thresholds": {
                "p(95)<500": false
            }
        },
        "http_req_failed": {
            "passes": 7509,
            "fails": 0,
            "thresholds": {
                "rate<0.01": true
            },
            "value": 1
        },
        "http_reqs": {
            "count": 7509,
            "rate": 41.505452589657764
        }
    }
}